condition,question,gold_answers,em_first_line,em_full,model_answer
oracle,who got the first nobel prize in physics,Wilhelm Conrad Röntgen,1.0,1.0,"Based solely on the provided search results, the first Nobel Prize in Physics was awarded to Wilhelm Conrad Röntgen of Germany in 1901."
oracle,when is the next deadpool movie being released,"May 18, 2018",1.0,1.0,"Based solely on the provided search results, the next Deadpool movie is **Deadpool 2**, which is scheduled to be released in the United States on **May 18, 2018**. The document also mentions that a sequel, *Deadpool 3*, is in development, but no release date is given for that film."
oracle,the south west wind blows across nigeria between,till September,0.0,0.0,"Based solely on the provided document, the south west wind (Maritime tropical) blows across Nigeria as part of the interactions that begin in central Nigeria in April, with the monsoons arriving in central Nigeria in July."
oracle,what does hp mean in war and order,hit points or health points,1.0,1.0,"Based solely on the provided search results, ""HP"" in the context of a game like War and Order stands for **hit points or health points**. It is an attribute that indicates the state of a player character, enemy, or object in combat. When HP reaches zero, the entity may be defeated or die."
oracle,who wrote the first declaration of human rights,Cyrus,1.0,1.0,"Based solely on the provided search results, the Cyrus Cylinder has been referred to by Mohammad Reza Pahlavi as the first declaration of universal human rights, though this view is rejected by some historians. The text does not name a specific author for this declaration."
oracle,who is the owner of reading football club,Xiu Li Dai|Dai Xiuli|Dai Yongge|Yongge Dai,1.0,1.0,"Based solely on the provided search result, the owner of Reading Football Club is **Xiu Li Dai and Yongge Dai**, who own 75% of the club through Renhe Sports Management Ltd, with the remaining 25% owned by Narin Niruttinanon."
oracle,when is the last time the philadelphia won the superbowl,"Super Bowl LII,|2017",1.0,1.0,"Based solely on the provided search results, the Philadelphia Eagles last won the Super Bowl when they won Super Bowl LII."
oracle,how many episodes are there in dragon ball z,291 episodes|291,1.0,1.0,"Based solely on the provided search results, there are **291 episodes** in Japan, and **276 episodes** in the United States originally, although all 291 episodes were later broadcast when content from the first 67 episodes was restored [1]."
oracle,who designed the garden city of new earswick,planner Raymond Unwin|architect Barry Parker|Raymond Unwin,1.0,1.0,"Based solely on the provided search results, the garden city of New Earswick was designed by the planner Raymond Unwin and the architect Barry Parker."
oracle,what is the first step in the evolution of the eye,photoreceptor proteins that sense light|eyespots,1.0,1.0,"Based solely on the provided search results, the first step in the evolution of the eye was the development of photoreceptor proteins that sense light, found even in unicellular organisms, called ""eyespots"" [1]."
oracle,where is the tv show the curse of oak island filmed,Oak Island,1.0,1.0,"Based on the provided search results, the TV show *The Curse of Oak Island* is filmed on **Oak Island**."
oracle,where is gall bladder situated in human body,beneath the liver,1.0,1.0,"Based on the provided search results, the gallbladder in humans is situated beneath the liver."
oracle,who is the current director of the us mint,David J. Ryder|David Motl,1.0,1.0,"Based solely on the provided search results, the position of Director of the United States Mint is currently vacant. The document states that since January 20, 2017, the senior career official at the Mint has been Acting Principal Deputy Director David Motl."
oracle,what is the main mineral in lithium batteries,Lithium|lithium,1.0,1.0,"Based solely on the provided search results, the document does not specify a ""main mineral"" in lithium batteries. It discusses lithium as a component of battery electrolytes and electrodes, and mentions different types of batteries (lithium-ion, lithium-ion polymer, lithium iron phosphate), but it does not identify a specific mineral."
oracle,right to property according to the constitution of india is a,constitutional right,1.0,1.0,"Based solely on the provided document, the right to property according to the constitution of India is **no longer a fundamental right, though it is still a constitutional right**."
oracle,who is the president of usa right now,Donald Trump,1.0,1.0,"Based solely on the provided search result, the president of the USA right now is Donald Trump."
oracle,what part of the brain is in the middle cranial fossa,pituitary gland|the temporal lobes|the pituitary gland|temporal lobes,1.0,1.0,"Based solely on the provided search result, the part of the brain in the middle cranial fossa is the **temporal lobes** (and the pituitary gland)."
oracle,where do the greasers live in the outsiders,"Tulsa, Oklahoma",1.0,1.0,"Based solely on the provided search result, the greasers in *The Outsiders* live in Tulsa, Oklahoma, in 1965."
oracle,who died in the plane crash greys anatomy,Dr. Lexie Grey|Lexie,1.0,1.0,"Based solely on the provided search results, Dr. Lexie Grey (Chyler Leigh) died in the plane crash on *Grey's Anatomy*."
oracle,where do they grow hops in the us,"Yakima (Washington)|Idaho|Washington|western Canyon County, Idaho|Willamette (Oregon)|Oregon",1.0,1.0,"Based on the provided search results, hops in the US are grown in the **Yakima (Washington) and Willamette (Oregon) valleys, and western Canyon County, Idaho** (including the communities of Parma, Wilder, Greenleaf, and Notus)."
oracle,what's the dog's name on tom and jerry,Spike,1.0,1.0,"Based on the provided search results, the dog's name on *Tom and Jerry* is **Spike**. He is also occasionally referred to as Butch or Killer."
oracle,in which regions are most of africa petroleum and natural gas found,Nigeria,1.0,1.0,"Based solely on the provided search results, the document states that Nigeria is the largest oil and gas producer in Africa, with crude oil coming from the delta basin. Therefore, according to this information, most of Africa's petroleum and natural gas are found in the **delta basin** region of **Nigeria**."
oracle,in which sea pearl is found in india,the Indian Ocean,1.0,1.0,"Based solely on the provided search results, pearls are found in the **Indian Ocean** in areas such as the **Gulf of Mannar**, which is located near India."
oracle,how many countries are a part of opec,14,1.0,1.0,"Based solely on the provided search results, as of February 2018, OPEC is an intergovernmental organization of **14 nations**."
oracle,what type of car is a jeep considered,off-road vehicles|light utility vehicles|sport utility vehicles,1.0,1.0,"Based solely on the provided search results, a Jeep is considered a **sport utility vehicle and off-road vehicle**. The document states that ""Jeep's current product range consists solely of sport utility vehicles and off-road vehicles."""
oracle,what is the name of manchester united stadium,Old Trafford,1.0,1.0,"Based solely on the provided search results, the name of Manchester United's stadium is **Old Trafford**."
oracle,who sings the theme song for the proud family,Destiny's Child|Solange Knowles,1.0,1.0,"Based solely on the provided document, the theme song for *The Proud Family* is performed by Destiny's Child and Solange Knowles."
oracle,who wrote cant get you out of my head lyrics,Cathy Dennis and Rob Davis|Rob Davis|Cathy Dennis,1.0,1.0,"Based on the provided search results, the lyrics for ""Can't Get You Out of My Head"" were jointly written by Cathy Dennis and Rob Davis."
oracle,who may be affected by monetary penalties imposed by the irs,Taxpayers in the United States,1.0,1.0,"Based solely on the provided search results, taxpayers in the United States may be affected by monetary penalties imposed by the IRS."
oracle,who turned out to be the mother on how i met your mother,Tracy McConnell,1.0,1.0,"Based on the provided search results, Tracy McConnell, played by Cristin Milioti, turned out to be the mother on *How I Met Your Mother*."
oracle,what is the corporate tax rate in great britain,20%,1.0,1.0,"Based solely on the provided search results, the corporate tax rate in Great Britain (as part of the United Kingdom) was a flat rate of **20%** as of April 2015."
oracle,what is the meaning of the name sinead,God forgave/God gratified,1.0,1.0,"Based on the provided search results, the name Sinéad is an Irish feminine name derived from the French Jeanette, which is cognate to the English Janet. It is itself a feminine form of the Hebrew Yohannan, meaning ""God forgave/God gratified."""
oracle,what network is showing the monday night football game,ESPN,1.0,1.0,"Based solely on the provided search results, the network showing the Monday Night Football game is **ESPN**. The document states that ""ESPN Monday Night Football... is a live television broadcast of weekly National Football League (NFL) games on ESPN in the United States."""
oracle,what is the form of mozart symphony no 40,G minor|minor key symphonies,1.0,1.0,"Based solely on the provided search result, the document does not specify the musical form (such as sonata form, minuet and trio, etc.) of Mozart's Symphony No. 40. It only states that the symphony was written in 1788 and is in G minor."
oracle,what was the city of beijing previously known as,Peking,1.0,1.0,"Based solely on the provided document, the city of Beijing was previously known as **Peking**."
oracle,when is the fourth movie of the divergent series coming out,never made,1.0,1.0,"Based solely on the provided search results, the fourth movie of the Divergent series, *The Divergent Series: Ascendant*, was never made. Therefore, it does not have a release date."
oracle,who will take the throne after the queen dies,"Charles, Prince of Wales",1.0,1.0,"Based solely on the provided document, after Queen Elizabeth II dies, her heir apparent, **Charles, Prince of Wales**, will take the throne."
oracle,who is the girl in green day 21 guns,Lisa Stelly,1.0,1.0,"Based on the provided search results, the girl in the Green Day ""21 Guns"" video is Gloria, played by Lisa Stelly."
oracle,what are the zords in the power rangers movie,animal-themed Ninja Zords,1.0,1.0,"Based solely on the provided search result, the zords in the Power Rangers movie are ""new animal-themed Ninja Zords"" [1]."
oracle,who decides the number of judges in the high court,the President of India,1.0,1.0,"Based solely on the provided search result, the number of judges in a High Court is defined by the President of India."
oracle,name the process of fusion of an egg with a sperm,fertilization|Human fertilization,1.0,1.0,"Based solely on the provided search result, the process of fusion of an egg with a sperm is called **human fertilization**."
oracle,the vascular layer of the eye is the,middle layer|The uvea|uvea,1.0,1.0,the vascular layer of the eye is the **uvea**[1].
oracle,the cuban revolt against spain was led by,Máximo Gomez|Antonio Maceo|José Martí,1.0,1.0,"Based solely on the provided search results, the Cuban revolt against Spain was led by **Martí**, **Máximo Gomez**, and **Antonio Maceo**."
oracle,when was the first documented case of tool mark identification,1835,1.0,1.0,"Based solely on the provided search results, the first documented case of tool mark identification occurred in **1835**. This case involved a member of the Bow Street Runners in London who matched a recovered bullet from a murder victim to a specific mold in a suspect's home [1]."
oracle,who has won the mens singles title in the australian open tennis tournament,Roger Federer,1.0,1.0,"Based solely on the provided search results, Roger Federer won the men's singles title at the 2018 Australian Open."
oracle,when did beds become popular in france and germany,the 12th century,0.0,0.0,"Based solely on the provided search results, the document mentions that in France, the shape of bedsteads that were higher at the head than at the feet continued in use until the 13th century. However, the provided text does not specify when beds became ""popular"" in France or Germany, nor does it provide any information about Germany."
oracle,who wrote the song the glory of love,Billy Hill,1.0,1.0,"Based solely on the provided search results, the song ""The Glory of Love"" was written by Billy Hill."
oracle,who wrote the book the origin of species,Charles Darwin,1.0,1.0,"Based solely on the provided search results, the book *On the Origin of Species* was written by Charles Darwin."
oracle,who sang rip it up and start again,Scottish post-punk band Orange Juice|Orange Juice,1.0,1.0,"Based solely on the provided search results, the song ""Rip It Up"" was performed by the Scottish post-punk band Orange Juice."
oracle,where are the winter olympics and when do they start,"Pyeongchang County, South Korea|Pyeongchang, South Korea|9 to 25 February 2018|9 February",1.0,1.0,"Based solely on the provided search results, the Winter Olympics are in Pyeongchang County, South Korea, and they start on 9 February 2018."
oracle,when does the miz and maryse show start,2018,1.0,1.0,"Based solely on the provided document, the show *Miz & Mrs.* is set to premiere in 2018."
oracle,where was the first season of slasher filmed,"Orangeville, Ontario, Canada|Sudbury, Parry Sound",1.0,1.0,"Based on the provided search results, the first season of *Slasher* was filmed in Sudbury, Parry Sound, and Sault Ste. Marie, Ontario [1]."
oracle,who said if a tree falls in the woods and nobody hears it,Philosopher George Berkeley|Charles Riborg Mann|George Ransom Twiss,1.0,1.0,"Based solely on the provided search results, the question ""When a tree falls in a lonely forest, and no animal is near by to hear it, does it make a sound? Why?"" appears in the 1910 book *Physics* by **Charles Riborg Mann and George Ransom Twiss**."
oracle,turkish finnish and hungarian belong to which family of languages,Uralic languages,1.0,1.0,"Based solely on the provided search results, Hungarian and Finnish belong to the **Uralic** language family. The document states that ""The Uralic languages... form a language family... The Uralic languages with the most native speakers are Hungarian, Finnish, and Estonian."" The search results do not provide any information about the language family of Turkish."
oracle,when did united states enter world war i,April 1917,1.0,1.0,"Based on the provided search results, the United States entered World War I in **April 1917**."
oracle,who has given the theory of unbalanced economic growth,Hirschman,1.0,1.0,"Based solely on the provided search results, the theory of unbalanced growth is generally associated with Hirschman."
oracle,where did the term spirits for alcohol come from,Middle Eastern alchemy,1.0,1.0,"Based solely on the provided search results, the term ""spirit"" for alcohol comes from Middle Eastern alchemy. Alchemists, who were more focused on medical elixirs than turning lead into gold, called the vapor collected during the distillation of alcohol a ""spirit of the original material"" [1]."
oracle,who led the soldiers in ending the raid on the harper's ferry arsenal,Colonel Robert E. Lee|First Lieutenant Israel Greene|Brevet Colonel Robert E. Lee,1.0,1.0,"Based solely on the provided document, the soldiers who ended the raid on the Harpers Ferry arsenal were led by First Lieutenant Israel Greene, with Colonel Robert E. Lee in overall command."
oracle,when did disney art of animation resort open,"May 31, 2012",1.0,1.0,"Based solely on the provided search results, the Disney's Art of Animation Resort opened in phases. Family suites opened on **May 31, 2012**, and standard rooms opened on **September 15, 2012**."
oracle,where would a subcutaneous injection be made in the skin,the subcutis,1.0,1.0,"Based solely on the provided search results, a subcutaneous injection is made into the subcutis, which is the layer of skin directly below the dermis and epidermis [1]."
oracle,where are most nutrients absorbed in the human digestive tract,The small intestine|small intestine,1.0,1.0,"Based solely on the provided search results, most nutrients are absorbed in the **small intestine** (also called the small bowel). The document states that the small intestine is ""where most of the end absorption of food takes place"" and that its ""primary function is the absorption of nutrients and minerals from food."""
oracle,when do primary ossification centers appear in an embryo,prenatal development,1.0,1.0,"Based solely on the provided search results, primary ossification centers usually appear during prenatal development."
oracle,where does kevins family go in home alone 2,Florida,1.0,1.0,"Based solely on the provided search result, Kevin's family decides to take a trip to Florida."
oracle,when is season 2 of jessica jones being released,"March 8, 2018",1.0,1.0,"Based solely on the provided search result, season 2 of Jessica Jones is scheduled to be released on March 8, 2018."
oracle,what is final season of game of thrones,The eighth|eighth|the eighth season,1.0,1.0,"Based solely on the provided document, the final season of *Game of Thrones* is the eighth season, which consists of six episodes [1]."
oracle,an edge that is between a vertex and itself is a,loop,1.0,1.0,"Based on the provided search result, an edge that is between a vertex and itself is a **loop** (also called a self-loop or a ""buckle"")."
oracle,when does the little couples new season start,"September 19, 2017",1.0,1.0,"Based on the provided search result, the new season of *The Little Couple* premiered on **September 19, 2017**."
oracle,how tall is the actor who plays hagrid in harry potter,6ft 1in,1.0,1.0,"Based solely on the provided search results, Robbie Coltrane, who plays Hagrid, is 6ft 1in. The document also mentions an unnamed 8ft actor who stands in for him in some scenes."
oracle,what is the job of justice of the peace,dispense summary justice,1.0,1.0,"Based solely on the provided document, a justice of the peace is a judicial officer who serves in a lower court. Their job is to ""keep the peace,"" and depending on the jurisdiction, they either ""dispense summary justice"" or ""merely deal with local administrative applications."""
oracle,who won the oscar for best picture in 1976,Rocky,1.0,1.0,"Based solely on the provided search results, the Oscar for Best Picture in 1976 was won by **Rocky**."
oracle,who has trained the most melbourne cup winners,Bart Cummings,1.0,1.0,"Based solely on the provided search results, Bart Cummings has trained the most Melbourne Cup winners, with 12 wins up to 2008."
oracle,who was involved in the mapp vs ohio case,Dollree Mapp,1.0,1.0,"Based solely on the provided document, the individuals involved in the Mapp v. Ohio case were Dollree Mapp, the police officers in Cleveland, Ohio, and Virgil Ogletree."
oracle,who was kat slater's sisters in eastenders,Zoe|Little Mo|Lynne,1.0,1.0,"Based solely on the provided document, Kat Slater's sisters were Lynne, Little Mo, and Zoe."
oracle,when did the philadelphia eagles play in the super bowl last,Super Bowl LII,1.0,1.0,"Based solely on the provided search result, the Philadelphia Eagles last played in the Super Bowl in **Super Bowl LII**, which followed the 2017 season."
oracle,what is the cross on a letter t called,arm|crossbar,1.0,1.0,"Based on the provided search results, the cross on a letter ""t"" is called a **crossbar**. The document states: ""When the strokes connect as in A and H or cross strokes as in t is also known as crossbar."""
oracle,who plays the evil doctor in wonder woman,Elena Anaya|Spanish actress Elena Anaya,1.0,1.0,"Based solely on the provided search result, the evil doctor in *Wonder Woman* is played by Spanish actress Elena Anaya."
oracle,who starred in the movie summer of 42,Oliver Conant|Christopher Norris|Gary Grimes|Katherine Allentuck|Jennifer O'Neill|Jerry Houser|Robert Mulligan|Maureen Stapleton,1.0,1.0,"Based solely on the provided document, the film *Summer of '42* starred Gary Grimes as Hermie, Jerry Houser as his best friend Oscy, Oliver Conant as their nerdy young friend Benjie, Jennifer O'Neill as Hermie's mysterious love interest, and Katherine Allentuck and Christopher Norris as a pair of girls."
oracle,what album is sacrifice by elton john on,Sleeping with the Past.|Sleeping with the Past,1.0,1.0,"Based solely on the provided search results, the song ""Sacrifice"" by Elton John is on the album *Sleeping with the Past*."
oracle,when did they replace lead with graphite in pencils,never contained the element lead,0.0,0.0,"Based solely on the provided search results, there is no information about when lead was replaced with graphite in pencils. The document only explains that the pencil core was historically called ""lead"" due to a misconception, but it does not provide a timeline for any replacement."
oracle,where can you find dna in the body,chromosomes in a cell|inside the cell nucleus,1.0,1.0,"Based solely on the provided search results, DNA in the body can be found inside the cell nucleus and in organelles such as mitochondria. The document states that ""eukaryotic organisms (animals, plants, fungi and protists) store most of their DNA inside the cell nucleus and some of their DNA in organelles, such as mitochondria or chloroplasts."""
oracle,who won the most medals in the 1924 winter olympics,Norway,1.0,1.0,"Based solely on the provided search results, Norway won the most medals in the 1924 Winter Olympics, collecting seventeen medals in total."
oracle,what is the final season of downton abbey,the sixth|sixth|six|the sixth series|Six,1.0,1.0,"Based solely on the provided search results, the final season of *Downton Abbey* is the sixth series. The document states that ""the sixth series was confirmed to be the final series,"" with the final episode airing on 25 December 2015."
oracle,which site of an enzyme is called allosteric site,regulatory site,1.0,1.0,"Based solely on the provided document, the site of an enzyme called the allosteric site is also known as a ""regulatory site."" It is a site on an allosteric protein that is distinct from the active site, to which a modulator molecule (or allosteric regulator) binds."
oracle,what caused the breakup of the democratic republican party,the disputed 1824 presidential election,1.0,1.0,"Based solely on the provided search results, the breakup of the Democratic-Republican Party was caused by the aftermath of the disputed 1824 presidential election, which led to the formation of separate factions with opposing views on issues like modernization, banks, industrial development, and federal spending for internal improvements."
oracle,who sings the song you'll never find another love like mine,Lou Rawls,1.0,1.0,"Based on the provided search results, the song ""You'll Never Find Another Love Like Mine"" is performed by R&B singer Lou Rawls."
oracle,where was the original flight of the phoenix filmed,"20th Century-Fox Studios|Buttercup Valley, Arizona|Pilot Knob Mesa, California",1.0,1.0,"Based solely on the provided search results, the original *Flight of the Phoenix* (1965 film) was filmed at the 20th Century-Fox Studios and 20th Century-Fox Ranch in California, as well as at Buttercup Valley, Arizona and Pilot Knob Mesa, California. The flying sequences were specifically filmed at Pilot Knob Mesa near Winterhaven, California."
oracle,who warned europe to stay out of the americas,Monroe Doctrine|Roosevelt Corollary,1.0,1.0,"Based solely on the provided document, President Theodore Roosevelt warned Europe to stay out of the Americas. The Roosevelt Corollary, articulated in his 1904 State of the Union address, stated that the United States would intervene in conflicts between European and Latin American countries to enforce European claims, rather than allowing Europeans to press their claims directly."
oracle,where does the formation of atp take place,plasma membrane in bacteria|inner mitochondrial membrane|thylakoid membrane|mitochondrial membrane in eukaryotes,0.0,1.0,"Based on the provided search results, the formation of ATP takes place in the following locations:  - **In eukaryotes:** Across the mitochondrial membrane. - **In bacteria:** Across the plasma membrane. - **In plants during photosynthesis:** Across the thylakoid membrane (from the thylakoid lumen into the chloroplast stroma)."
oracle,who wrote song what a friend we have in jesus,Charles Crozat Converse|Joseph M. Scriven|William Bolcom,1.0,1.0,"Based solely on the provided search results, the song ""What a Friend We Have in Jesus"" was written by Joseph M. Scriven. He originally wrote it as a poem in 1855."
oracle,who is the guy who walked across the twin towers,Philippe Petit,1.0,1.0,"Based solely on the provided search results, the guy who walked across the Twin Towers is Philippe Petit."
oracle,where do the royalties for winnie the pooh go,"the Slesinger family|Slesinger, Inc.",1.0,1.0,"Based solely on the provided search results, the royalties for Winnie the Pooh go to Disney. Document [1] states that ""the Slesinger family had granted all trademark and copyright rights to Disney, although Disney must pay royalties for all future use of the characters."""
oracle,all the motor neurons that control the skeletal muscles are,efferent nerves|Somatic motor neurons|Somatic,1.0,1.0,"Based solely on the provided search results, all the motor neurons that control the skeletal muscles are **somatic motor neurons**. The document states that ""somatic motor neurons originate in the central nervous system, project their axons to skeletal muscles... which are involved in locomotion."" It further specifies that the three types of these neurons are the alpha efferent neurons, beta efferent neurons, and gamma efferent neurons."
oracle,how old is the actress who plays phyllis on y&r,Gina Tognoni|age 44,1.0,1.0,"Based solely on the provided search results, Gina Tognoni, who plays Phyllis Summers on *The Young and the Restless*, was born on November 28, 1973."
oracle,who has scored more goals in the premier league,Alan Shearer,1.0,1.0,"Based solely on the provided document, Alan Shearer has scored more goals in the Premier League. He holds the record for the most goals scored in the Premier League."
oracle,total number of mna in pakistan national assembly,332 members|332,1.0,1.0,"Based on the provided document, the total number of Members of the National Assembly (MNAs) in the Pakistan National Assembly is **332**."
oracle,who played stumpy in the movie rio bravo,Walter Brennan,1.0,1.0,"Based solely on the provided search results, Stumpy was played by Walter Brennan."
oracle,where is the protien made in the cell,in the cell nucleus|cell nucleus,1.0,1.0,"Based solely on the provided search results, the document does not specify where protein is made in the cell. It only describes the process of transcription, which occurs in the cell nucleus."
oracle,if there is a line that lies parallel to the horizon it is said to be,A vanishing point,1.0,1.0,"Based solely on the provided search results, there is no information about what a line parallel to the horizon is said to be. The document only discusses vanishing points in perspective drawing."
oracle,when's the last time the philadelphia eagles played the new england patriots,in Super Bowl LII,1.0,1.0,"Based solely on the provided search result, the last time the Philadelphia Eagles played the New England Patriots was in **Super Bowl LII**, following the 2017 season."
oracle,what was the purpose of a revival meeting during the second great awakening,evangelizing,1.0,1.0,"Based solely on the provided document, the purpose of a revival meeting during the Second Great Awakening was to serve as ""the most effective form of evangelizing during this period."""
closedbook,who got the first nobel prize in physics,Wilhelm Conrad Röntgen,1.0,1.0,"The first Nobel Prize in Physics was awarded in 1901 to **Wilhelm Conrad Röntgen** ""in recognition of the extraordinary services he has rendered by the discovery of the remarkable rays subsequently named after him"" (X-rays)."
closedbook,when is the next deadpool movie being released,"May 18, 2018",0.0,0.0,"As of now, the next Deadpool movie is **Deadpool & Wolverine**, which was released on **July 26, 2024**. There is no official announcement for a subsequent Deadpool film beyond that."
closedbook,the south west wind blows across nigeria between,till September,0.0,0.0,"The south-west wind blows across Nigeria between **March and October** (or more specifically, from approximately **April to October**). This period corresponds to the **wet season** in Nigeria, as the south-west wind carries moisture from the Atlantic Ocean, bringing rainfall to most parts of the country."
closedbook,what does hp mean in war and order,hit points or health points,1.0,1.0,"In the context of the mobile game **War and Order**, ""HP"" stands for **Hit Points** (or Health Points). It represents the amount of damage a unit (such as a troop, hero, or building) can take before being destroyed or defeated. Higher HP means the unit is more durable and can survive longer in battles."
closedbook,who wrote the first declaration of human rights,Cyrus,1.0,1.0,"The first known declaration of human rights is widely considered to be the **Cyrus Cylinder**, created in 539 BCE under the order of Cyrus the Great, the founder of the Persian Achaemenid Empire.  While not a ""declaration"" in the modern sense, this clay cylinder inscribed in Akkadian cuneiform proclaimed the freedom of enslaved peoples, allowed religious freedom, and established racial equality within the empire. It is often cited as the first charter of human rights.  However, if"
closedbook,who is the owner of reading football club,Xiu Li Dai|Dai Xiuli|Dai Yongge|Yongge Dai,1.0,1.0,"The owner of Reading Football Club is **Dai Yongge** (often referred to in Chinese naming order as Yongge Dai). He is a Chinese businessman who, along with his sister Dai Xiu Li, acquired the club in 2017. As of the 2024-2025 season, Dai Yongge remains the majority owner, though the club has been actively seeking new investment or a full sale due to ongoing financial difficulties."
closedbook,when is the last time the philadelphia won the superbowl,"Super Bowl LII,|2017",1.0,1.0,"The Philadelphia Eagles have won the Super Bowl once. Their victory came on **February 4, 2018**, when they defeated the New England Patriots 41–33 in **Super Bowl LII**."
closedbook,how many episodes are there in dragon ball z,291 episodes|291,1.0,1.0,"There are **291 episodes** in the original, uncut Japanese version of *Dragon Ball Z*.  However, the number can vary depending on the version you watch:  - **Original Japanese broadcast:** 291 episodes. - **Funimation English dub (uncut):** 291 episodes (matching the Japanese version). - **Funimation English dub (edited for TV/Toonami):** 276 episodes (some episodes were combined or cut for content and time). - **D"
closedbook,who designed the garden city of new earswick,planner Raymond Unwin|architect Barry Parker|Raymond Unwin,1.0,1.0,"The garden city of New Earswick was designed by the architects **Barry Parker** and **Sir Raymond Unwin**. They were commissioned by the philanthropist Joseph Rowntree to create the village, which was built from 1902 onward as a model village for workers."
closedbook,what is the first step in the evolution of the eye,photoreceptor proteins that sense light|eyespots,0.0,0.0,"The first step in the evolution of the eye is the development of a **light-sensitive patch** (or eyespot) of photoreceptor cells on the surface of an organism.  This simple patch could not form an image, but it allowed the organism to distinguish **light from dark** (e.g., sensing the direction of sunlight or the shadow of a predator). This provided a significant survival advantage, which then set the stage for subsequent evolutionary steps like the formation of a cup shape, a pinhole"
closedbook,where is the tv show the curse of oak island filmed,Oak Island,1.0,1.0,"The TV show *The Curse of Oak Island* is filmed on **Oak Island**, which is located on the south shore of **Nova Scotia, Canada**, near the town of **Western Shore**. The island itself is a privately-owned island in Mahone Bay, and the production primarily takes place on the island's various excavation sites, the ""War Room"" (a base of operations), and surrounding areas."
closedbook,where is gall bladder situated in human body,beneath the liver,1.0,1.0,"The gallbladder is situated in the upper right quadrant of the human abdomen. It is located just beneath the liver, tucked under the liver's right lobe."
closedbook,who is the current director of the us mint,David J. Ryder|David Motl,0.0,0.0,"The current Director of the United States Mint is **Ventris C. Gibson**. She was confirmed by the U.S. Senate and assumed the role on June 9, 2022."
closedbook,what is the main mineral in lithium batteries,Lithium|lithium,1.0,1.0,"The main mineral used in lithium batteries is **lithium**, but it is typically extracted from specific minerals or brines. The most common mineral sources are:  - **Spodumene** (a lithium aluminum silicate) – the primary hard-rock mineral mined for lithium. - **Lepidolite** and **Petalite** are also lithium-bearing minerals, though less common.  However, if you're asking about the most abundant material by weight in a lithium-ion battery, it is usually **"
closedbook,right to property according to the constitution of india is a,constitutional right,1.0,1.0,"According to the Constitution of India, the right to property is a **legal/constitutional right** (under Article 300A) and **not a fundamental right**.  Here is the breakdown:  - **Originally:** It was a Fundamental Right under Article 31. - **After the 44th Amendment (1978):** Article 31 was repealed, and the right to property was removed from Part III (Fundamental Rights). - **Current Status:** It is now enshrined in **Article"
closedbook,who is the president of usa right now,Donald Trump,0.0,0.0,"The current president of the United States is Joe Biden. He took office on January 20, 2021."
closedbook,what part of the brain is in the middle cranial fossa,pituitary gland|the temporal lobes|the pituitary gland|temporal lobes,1.0,1.0,"The **temporal lobes** of the brain are primarily located in the middle cranial fossa. More specifically, this fossa houses the **inferior (lower) portions of the temporal lobes**, including the **hippocampus** and parts of the **limbic system**."
closedbook,where do the greasers live in the outsiders,"Tulsa, Oklahoma",1.0,1.0,"In S.E. Hinton's novel *The Outsiders*, the greasers live on the **East Side** of the fictional city of Tulsa, Oklahoma. This is the poorer, more run-down part of town, in contrast to the Socs (Socials), who live on the affluent **West Side**."
closedbook,who died in the plane crash greys anatomy,Dr. Lexie Grey|Lexie,0.0,1.0,"In the TV show *Grey's Anatomy*, the major plane crash occurs in the Season 8 finale (""Flight"") and its aftermath in Season 9. The following main characters died as a direct result of that crash:  - **Lexie Grey** (Chyler Leigh) – Killed instantly when the plane crashed, crushed by debris. - **Mark Sloan** (Eric Dane) – Survived the initial crash but died later in the Season 9 premiere due to his severe injuries.  Additionally"
closedbook,where do they grow hops in the us,"Yakima (Washington)|Idaho|Washington|western Canyon County, Idaho|Willamette (Oregon)|Oregon",0.0,1.0,"In the United States, hops are primarily grown in the **Pacific Northwest**, which accounts for the vast majority of domestic production. The key states are:  1.  **Washington** – The largest hop-producing state, responsible for roughly 70-75% of U.S. hops. The main growing region is the **Yakima Valley**. 2.  **Oregon** – The second-largest producer, centered in the **Willamette Valley**. 3.  **Idaho**"
closedbook,what's the dog's name on tom and jerry,Spike,1.0,1.0,"The dog's name in *Tom and Jerry* is **Spike**. He is a large, muscular bulldog who often tries to catch or punish Tom for bothering his son, **Tyke**."
closedbook,in which regions are most of africa petroleum and natural gas found,Nigeria,0.0,1.0,"Most of Africa's petroleum and natural gas are found in **North Africa** and **West Africa**.  Specifically:  - **North Africa:** Major reserves are located in **Libya**, **Algeria**, and **Egypt**, particularly in the Sahara Desert region and offshore in the Mediterranean Sea. - **West Africa:** Significant oil and gas deposits are concentrated in the **Gulf of Guinea**, with **Nigeria** being the largest producer, followed by **Angola** (though Angola is technically in"
closedbook,in which sea pearl is found in india,the Indian Ocean,1.0,1.0,"In India, pearls are primarily found in the **Indian Ocean**, specifically along the coasts of the **Gulf of Mannar** (between Tamil Nadu and Sri Lanka) and the **Gulf of Kutch** (off the coast of Gujarat).   The Gulf of Mannar is historically the most famous pearl fishing region in India, known for its natural pearl oysters."
closedbook,how many countries are a part of opec,14,0.0,0.0,"As of 2024, OPEC (Organization of the Petroleum Exporting Countries) has **12 member countries**.    The current members are:   1. Algeria   2. Congo   3. Equatorial Guinea   4. Gabon   5. Iran   6. Iraq   7. Kuwait   8. Libya   9. Nigeria   10. Saudi Arabia   11. United Arab Emirates   12. Venezuela    *(Note: Ecuador, Indonesia, and Qatar have left OPEC in recent years"
closedbook,what type of car is a jeep considered,off-road vehicles|light utility vehicles|sport utility vehicles,0.0,0.0,"A Jeep is considered a **sport utility vehicle (SUV)** or, more specifically, an **off-road vehicle**. While the term ""Jeep"" is a brand name (owned by Stellantis), it has become a generic term for rugged, four-wheel-drive vehicles designed for both on-road and off-road use."
closedbook,what is the name of manchester united stadium,Old Trafford,1.0,1.0,The name of Manchester United's stadium is **Old Trafford**.
closedbook,who sings the theme song for the proud family,Destiny's Child|Solange Knowles,1.0,1.0,"The theme song for *The Proud Family* is performed by **Solange Knowles** (often credited as Solange). The song is titled ""The Proud Family Theme."""
closedbook,who wrote cant get you out of my head lyrics,Cathy Dennis and Rob Davis|Rob Davis|Cathy Dennis,1.0,1.0,"The lyrics for the song ""Can't Get You Out of My Head"" were written by **Cathy Dennis** and **Rob Davis**. The song was performed by Kylie Minogue and released in 2001."
closedbook,who may be affected by monetary penalties imposed by the irs,Taxpayers in the United States,0.0,0.0,"Monetary penalties imposed by the IRS can affect a wide range of individuals and entities, including:  1.  **Individual Taxpayers:** For errors on tax returns, late filing, late payment, underpayment of estimated tax, or failure to report certain foreign accounts (FBAR). 2.  **Businesses (Corporations, Partnerships, LLCs):** For late filing, incorrect information returns (e.g., W-2s, 1099s), failure to pay payroll taxes ("
closedbook,who turned out to be the mother on how i met your mother,Tracy McConnell,1.0,1.0,"In the television series *How I Met Your Mother*, the mother is **Tracy McConnell**, portrayed by actress Cristin Milioti. She is revealed in the final season (Season 9) and is shown to have met Ted Mosby at the Farhampton train station in 2013. The show's final episode also reveals that Tracy passed away in 2024, which is why Ted is telling the story to his children."
closedbook,what is the corporate tax rate in great britain,20%,0.0,1.0,"The corporate tax rate in Great Britain (the United Kingdom) varies depending on the company's profits.  For the financial year starting **1 April 2024**:  - **19%** for profits up to **£50,000** (Small Profits Rate) - **25%** for profits over **£250,000** (Main Rate) - **Marginal Relief** applies for profits between **£50,001 and £250,000**, meaning the effective rate gradually increases from"
closedbook,what is the meaning of the name sinead,God forgave/God gratified,0.0,0.0,"The name **Sinead** (often spelled Sinéad) is the Irish form of the name **Janet** or **Jane**. It is derived from the French name **Jeannette**, which itself comes from **Jeanne** (the feminine form of John).  **Meaning:** The name ultimately traces back to the Hebrew name **Yochanan**, which means **""God is gracious""** or **""Gift of God.""**  **Pronunciation:** It is pronounced **shi-NA"
closedbook,what network is showing the monday night football game,ESPN,0.0,1.0,"I don't have real-time access to current TV schedules or live sports broadcasting information. To find out which network is showing the Monday Night Football game tonight, I recommend checking:  - Your local TV listings - The official NFL website or app - ESPN (which typically broadcasts Monday Night Football in the U.S.) - A streaming service guide (like ESPN+, Hulu + Live TV, or YouTube TV)  If you tell me the date or week of the game, I can help confirm the network"
closedbook,what is the form of mozart symphony no 40,G minor|minor key symphonies,1.0,1.0,"Mozart's Symphony No. 40 in G minor, K. 550, is written in **sonata form** for its first movement, but the symphony as a whole is in **four movements** (the standard form for a Classical symphony).  Here is the specific form of each movement:  1.  **Molto allegro** (1st movement): **Sonata form** (in G minor). This includes an exposition, development, and recapitulation. 2."
closedbook,what was the city of beijing previously known as,Peking,1.0,1.0,"The city of Beijing was previously known as **Peking** (an older romanization) and historically as **Beiping** (Northern Peace) during certain periods, such as under the Ming dynasty before it became the capital. It has also been called **Yanjing** (Capital of Yan) in ancient times."
closedbook,when is the fourth movie of the divergent series coming out,never made,0.0,0.0,"Based on current information, **there is no fourth movie in the *Divergent* series coming out.**  The series was originally planned as a four-film adaptation of Veronica Roth's trilogy, with the final book, *Allegiant*, split into two movies. However, after the poor box office performance of *The Divergent Series: Allegiant* (2016), the planned final film, *Ascendant*, was canceled.  The studio (Lionsgate) later announced plans to finish the story"
closedbook,who will take the throne after the queen dies,"Charles, Prince of Wales",0.0,0.0,"The answer depends on which queen you are referring to, as succession laws vary by country.  If you mean **Queen Elizabeth II** (who died in 2022), the throne was taken by her eldest son, **King Charles III**.  If you mean the current reigning queen, such as **Queen Margrethe II of Denmark** (who abdicated in January 2024), the throne passed to her eldest son, **King Frederik X**.  If you mean a hypothetical future event for a"
closedbook,who is the girl in green day 21 guns,Lisa Stelly,1.0,1.0,"The girl in the music video for Green Day's ""21 Guns"" is actress **Lisa Stelly**. She plays the female lead opposite actor **Jake Gyllenhaal** (who appears in the video as the male lead). The video was directed by Marc Webb."
closedbook,what are the zords in the power rangers movie,animal-themed Ninja Zords,0.0,0.0,"Based on the 2017 *Power Rangers* movie (often called *Power Rangers: The Movie* or *Power Rangers (Reboot)*), the Zords are ancient, alien war machines that are awakened by the Rangers. They are not the traditional, animal-shaped vehicles from the TV show, but rather more organic, crystalline, and dinosaur-like.  Here are the Zords from that movie:  1.  **The Dinozords (Individual Zords):**     - **Tric"
closedbook,who decides the number of judges in the high court,the President of India,1.0,1.0,"The number of judges in a High Court is decided by the **President of India**.  However, the President acts on the advice of the **Central Government (Cabinet)**. The actual process involves:  1.  The **Chief Justice of India** and the **Chief Justice of the concerned High Court** make a recommendation based on the caseload and judicial work. 2.  The **Union Law Ministry** reviews this recommendation. 3.  The proposal is then sent to the **Cabinet"
closedbook,name the process of fusion of an egg with a sperm,fertilization|Human fertilization,1.0,1.0,The process of fusion of an egg with a sperm is called **fertilization**.
closedbook,the vascular layer of the eye is the,middle layer|The uvea|uvea,1.0,1.0,"The vascular layer of the eye is the **uvea** (also known as the uveal tract). It consists of three main parts: the **choroid**, the **ciliary body**, and the **iris**."
closedbook,the cuban revolt against spain was led by,Máximo Gomez|Antonio Maceo|José Martí,1.0,1.0,"The Cuban revolt against Spain was led by **José Martí**, along with other key figures such as **Antonio Maceo** and **Máximo Gómez**. This uprising, known as the Cuban War of Independence, began in 1895."
closedbook,when was the first documented case of tool mark identification,1835,0.0,0.0,"The first documented case of tool mark identification is generally attributed to **John T. Trowbridge**, a professor of physics at Harvard University. In **1856**, he used a microscope to compare a chisel mark left at a crime scene with a chisel owned by a suspect, successfully matching the unique striations. This case is often cited as the earliest known example of forensic tool mark analysis."
closedbook,who has won the mens singles title in the australian open tennis tournament,Roger Federer,0.0,0.0,"The men's singles title at the Australian Open has been won by many players. The most recent champion (as of 2025) is **Jannik Sinner** (Italy), who won in 2024 and successfully defended his title in 2025.  Other notable recent winners include: - **Novak Djokovic** (Serbia) – holds the record with 10 titles (2008, 2011, 2012, 2013, 2015,"
closedbook,when did beds become popular in france and germany,the 12th century,0.0,0.0,"That's an interesting question about the history of everyday life. The answer depends on what you mean by ""beds"" (a simple sleeping pallet vs. a framed, raised bed) and ""popular"" (common among the elite vs. widespread among all classes).  Here’s a breakdown for France and Germany:  ### The Short Answer  - **For the elite (nobility & wealthy merchants):** Beds became popular and highly ornate status symbols in the **Late Middle Ages (14th"
closedbook,who wrote the song the glory of love,Billy Hill,1.0,1.0,"The song ""The Glory of Love"" was written by **Billy Hill**. It was first published in 1936 and has been recorded by many artists, most famously by **Benny Goodman** (with vocals by Helen Ward) and later by **Jimmy Durante**, who made it his signature song."
closedbook,who wrote the book the origin of species,Charles Darwin,1.0,1.0,The book *On the Origin of Species* was written by **Charles Darwin**. It was first published in 1859.
closedbook,who sang rip it up and start again,Scottish post-punk band Orange Juice|Orange Juice,1.0,1.0,"The song ""Rip It Up and Start Again"" was performed by the Scottish post-punk band **Orange Juice**. It was released in 1983 as the title track from their second studio album."
closedbook,where are the winter olympics and when do they start,"Pyeongchang County, South Korea|Pyeongchang, South Korea|9 to 25 February 2018|9 February",0.0,0.0,"The next Winter Olympics will be held in **Milan and Cortina d'Ampezzo, Italy**. They are scheduled to start on **February 6, 2026**, and will run through February 22, 2026."
closedbook,when does the miz and maryse show start,2018,0.0,0.0,"I don't have access to real-time schedules or current TV listings. The start time for **The Miz and Maryse Show** (often featured on WWE programming or their YouTube channel) can vary depending on the season, network, or platform.  For the most accurate and up-to-date information, I recommend:  - Checking **WWE's official website** or their **YouTube channel** for the latest episodes. - Looking at your local TV listings if it airs on a specific network (like USA"
closedbook,where was the first season of slasher filmed,"Orangeville, Ontario, Canada|Sudbury, Parry Sound",0.0,0.0,"The first season of *Slasher*, titled **""The Executioner,""** was filmed in **Sudbury, Ontario, Canada**."
closedbook,who said if a tree falls in the woods and nobody hears it,Philosopher George Berkeley|Charles Riborg Mann|George Ransom Twiss,0.0,0.0,"The question ""If a tree falls in a forest and no one is around to hear it, does it make a sound?"" is a philosophical thought experiment. It is not attributed to a single person, but its most famous formulation is often credited to **George Berkeley** (1685–1753), an Irish philosopher who argued that objects only exist as perceptions (""to be is to be perceived""). However, the exact phrasing of the question as it is commonly known today was popularized later, particularly in"
closedbook,turkish finnish and hungarian belong to which family of languages,Uralic languages,0.0,0.0,"Turkish, Finnish, and Hungarian belong to the **Uralic** family of languages. Specifically, Finnish and Hungarian are part of the Uralic family (with Finnish in the Finnic branch and Hungarian in the Ugric branch), while Turkish belongs to the **Turkic** family. However, it is a common misconception that they are all in the same family; they are not. The Uralic and Turkic families are distinct and not directly related, though some outdated theories once grouped them"
closedbook,when did united states enter world war i,April 1917,0.0,0.0,"The United States entered World War I on **April 6, 1917**, when Congress declared war on Germany."
closedbook,who has given the theory of unbalanced economic growth,Hirschman,1.0,1.0,"The theory of unbalanced economic growth is primarily associated with **Albert O. Hirschman**.  He presented this concept in his influential 1958 book, *The Strategy of Economic Development*. Hirschman argued that developing countries often lack the resources and capacity for balanced growth (as proposed by Ragnar Nurkse). Instead, he advocated for deliberately creating imbalances—such as investing in specific key industries or sectors—to generate incentives and pressures that would induce further investment and development in other sectors. This process creates"
closedbook,where did the term spirits for alcohol come from,Middle Eastern alchemy,0.0,0.0,"The term ""spirits"" for alcohol comes from **alchemy and medieval chemistry**.  Here’s the breakdown of the origin:  1.  **Alchemical Theory:** Alchemists believed that all matter was composed of four elements (earth, air, fire, water) and a ""spirit"" or ""quintessence"" (a fifth essence). This spirit was the volatile, active, or life-giving principle of a substance. 2.  **Distillation:** When alchem"
closedbook,who led the soldiers in ending the raid on the harper's ferry arsenal,Colonel Robert E. Lee|First Lieutenant Israel Greene|Brevet Colonel Robert E. Lee,1.0,1.0,"The raid on the Harpers Ferry arsenal was ended by a contingent of U.S. Marines led by **Colonel Robert E. Lee** (then a U.S. Army officer), who was in command of the overall operation. The actual assault on the engine house where John Brown and his followers were barricaded was led by **Lieutenant Israel Greene**, who personally led the Marines in the final charge."
closedbook,when did disney art of animation resort open,"May 31, 2012",1.0,1.0,"Disney's Art of Animation Resort opened on **May 31, 2012**."
closedbook,where would a subcutaneous injection be made in the skin,the subcutis,0.0,0.0,"A subcutaneous injection is made into the **subcutaneous tissue**, which is the layer of fat and connective tissue located **between the skin (dermis) and the muscle**.  Common injection sites include: - The **outer area of the upper arm** (triceps area) - The **front of the thigh** (anterior thigh) - The **abdomen** (avoiding a 2-inch radius around the navel) - The **upper buttocks** (upper outer quadrant)  The needle"
closedbook,where are most nutrients absorbed in the human digestive tract,The small intestine|small intestine,1.0,1.0,"Most nutrients are absorbed in the **small intestine**.  Specifically, the majority of absorption occurs in the **duodenum** and **jejunum** (the first two sections of the small intestine). The inner lining of the small intestine is covered with tiny, finger-like projections called **villi** and even smaller microvilli, which greatly increase the surface area for absorbing digested carbohydrates, proteins, fats, vitamins, and minerals into the bloodstream."
closedbook,when do primary ossification centers appear in an embryo,prenatal development,0.0,0.0,"Primary ossification centers typically appear during the **embryonic period**, specifically between **weeks 8 and 12 of gestation** (the end of the first trimester).  Here is a more detailed breakdown:  - **First to appear:** The primary ossification centers for the **diaphyses (shafts) of long bones** (like the femur, humerus, and tibia) and the **clavicle** begin to form around **week 8**. - **General"
closedbook,where does kevins family go in home alone 2,Florida,1.0,1.0,"In *Home Alone 2: Lost in New York*, Kevin's family plans to go to **Miami, Florida** for their Christmas vacation. However, due to a series of mishaps at the airport, Kevin ends up boarding a flight to **New York City** instead, while the rest of the family flies to Miami."
closedbook,when is season 2 of jessica jones being released,"March 8, 2018",0.0,0.0,"As of my last update, there is no official announcement for a Season 2 of *Jessica Jones*. The series originally ran for three seasons on Netflix (released between 2015 and 2019), and it was canceled along with other Marvel Netflix shows. Since then, the character has not been revived for a new season on any platform. If you're referring to a potential revival or new series, no release date has been confirmed."
closedbook,what is final season of game of thrones,The eighth|eighth|the eighth season,0.0,0.0,The final season of *Game of Thrones* is **Season 8**. It consists of 6 episodes and aired in 2019.
closedbook,an edge that is between a vertex and itself is a,loop,1.0,1.0,An edge that connects a vertex to itself is called a **loop** (or a **self-loop**).
closedbook,when does the little couples new season start,"September 19, 2017",0.0,0.0,"I don't have access to real-time information or current TV schedules, so I can't confirm the exact start date for a new season of *The Little Couple*.  To find the most accurate and up-to-date information, I recommend:  1.  **Checking the official TLC website** (the network that airs the show). 2.  **Looking at the show's official social media pages** (Facebook, Instagram, or X/Twitter). 3.  **Searching"
closedbook,how tall is the actor who plays hagrid in harry potter,6ft 1in,0.0,0.0,"The actor who plays Rubeus Hagrid in the *Harry Potter* films is **Robbie Coltrane**. He was **6 feet 1 inch (1.85 meters)** tall.   However, to make Hagrid appear larger than life on screen, the filmmakers used forced perspective, camera tricks, and sometimes a body double (Martin Bayfield, who is 6 feet 10 inches) for long shots."
closedbook,what is the job of justice of the peace,dispense summary justice,0.0,0.0,"A Justice of the Peace (JP) is a judicial officer with limited authority, typically at the local or state level. Their specific duties vary by jurisdiction, but common responsibilities include:  - **Performing marriages** (civil ceremonies). - **Administering oaths and affirmations** (e.g., for affidavits or legal documents). - **Witnessing signatures** on official documents. - **Issuing summonses and warrants** (in some areas, for minor offenses). - **"
closedbook,who won the oscar for best picture in 1976,Rocky,0.0,0.0,"The Oscar for Best Picture in 1976 (for films released in 1975) was awarded to **""One Flew Over the Cuckoo's Nest""**."
closedbook,who has trained the most melbourne cup winners,Bart Cummings,1.0,1.0,"The trainer with the most Melbourne Cup wins is **Bart Cummings**, who trained 12 winners of the race. His victories spanned from 1958 to 2008, earning him the nickname ""Cups King."" His winners include:  - 1958: *Sailor's Guide* - 1966: *Galilee* - 1967: *Red Handed* - 1968: *Rain Lover* - 1969: *Rain Lover* (back-to"
closedbook,who was involved in the mapp vs ohio case,Dollree Mapp,0.0,1.0,"The key individuals and entities involved in the **Mapp v. Ohio** (1961) Supreme Court case were:  **The Defendant:** - **Dollree Mapp** – The woman whose home was illegally searched by police. She was convicted for possessing obscene materials found during that search.  **The Law Enforcement:** - **Cleveland Police Officers** – They entered Mapp's home without a valid search warrant, claiming they were looking for a bombing suspect and gambling parapher"
closedbook,who was kat slater's sisters in eastenders,Zoe|Little Mo|Lynne,0.0,1.0,"In the BBC soap opera *EastEnders*, Kat Slater (played by Jessie Wallace) has several sisters, though the family tree can be complex due to the show's retcons and extended family dynamics. Her biological sisters are:  1. **Little Mo Slater** (played by Kacey Ainsworth) – Kat's younger sister, known for her storyline involving domestic abuse. 2. **Lynne Slater** (played by Elaine Lordan) – Kat's older sister,"
closedbook,when did the philadelphia eagles play in the super bowl last,Super Bowl LII,0.0,0.0,"The Philadelphia Eagles last played in the Super Bowl on **February 12, 2023**, in **Super Bowl LVII** (57). They lost to the Kansas City Chiefs by a score of 38–35."
closedbook,what is the cross on a letter t called,arm|crossbar,1.0,1.0,"The cross on a letter ""t"" is called a **crossbar** (or sometimes a **cross-stroke**)."
closedbook,who plays the evil doctor in wonder woman,Elena Anaya|Spanish actress Elena Anaya,1.0,1.0,"In the 2017 film *Wonder Woman*, the character of Doctor Poison (the evil chemist working for the German army) is played by **Elena Anaya**."
closedbook,who starred in the movie summer of 42,Oliver Conant|Christopher Norris|Gary Grimes|Katherine Allentuck|Jennifer O'Neill|Jerry Houser|Robert Mulligan|Maureen Stapleton,1.0,1.0,"The movie *Summer of '42* (1971) starred **Gary Grimes** as Hermie, **Jerry Houser** as Oscy, and **Jennifer O'Neill** as Dorothy."
closedbook,what album is sacrifice by elton john on,Sleeping with the Past.|Sleeping with the Past,1.0,1.0,"The song ""Sacrifice"" by Elton John is on the album **Sleeping with the Past**, which was released in 1989."
closedbook,when did they replace lead with graphite in pencils,never contained the element lead,0.0,0.0,"The shift from lead to graphite in pencils happened gradually, but the key date is **1564**.  Here’s the breakdown:  - **Before 1564:** What we call ""lead"" pencils were actually made of **lead metal** (or a lead-tin alloy). These were used by artists and scribes to make faint, gray marks on paper or parchment. They were more like a stylus than a modern pencil. - **1564:** A massive deposit of pure, solid **"
closedbook,where can you find dna in the body,chromosomes in a cell|inside the cell nucleus,0.0,0.0,"DNA is found in nearly every cell of the human body. Specifically, it is located in two main areas within a cell:  1.  **The Nucleus:** This is the most well-known location. The vast majority of a person's DNA (about 99.9%) is packaged into chromosomes within the cell's nucleus. This is called **nuclear DNA**. 2.  **The Mitochondria:** A small amount of DNA (about 0.1%) is found in the mitochondria"
closedbook,who won the most medals in the 1924 winter olympics,Norway,1.0,1.0,"The country that won the most medals at the 1924 Winter Olympics in Chamonix, France, was **Norway**. They won a total of 17 medals (4 gold, 7 silver, 6 bronze)."
closedbook,what is the final season of downton abbey,the sixth|sixth|six|the sixth series|Six,0.0,0.0,"The final season of *Downton Abbey* is **Season 6**, which originally aired in the UK in 2015."
closedbook,which site of an enzyme is called allosteric site,regulatory site,0.0,0.0,"The **allosteric site** is a specific region on an enzyme that is **distinct from the active site**.  While the active site is where the substrate binds and the chemical reaction occurs, the allosteric site is a separate binding location for molecules called **effectors** (or modulators). When an effector binds to the allosteric site, it causes a change in the enzyme's shape (conformation), which in turn alters the activity of the active site—either enhancing it ("
closedbook,what caused the breakup of the democratic republican party,the disputed 1824 presidential election,0.0,0.0,"The breakup of the Democratic-Republican Party was primarily caused by internal ideological divisions over the scope of federal power, economic policy, and foreign relations, which crystallized during the 1824 presidential election.  Key factors include:  1. **The ""Era of Good Feelings"" and Factionalism**: After the War of 1812, the Federalist Party collapsed, leaving the Democratic-Republicans as the only major party. However, this one-party dominance masked growing internal rifts between national"
closedbook,who sings the song you'll never find another love like mine,Lou Rawls,1.0,1.0,"The song ""You'll Never Find Another Love Like Mine"" is sung by **Lou Rawls**. It was released in 1976 and became one of his biggest hits."
closedbook,where was the original flight of the phoenix filmed,"20th Century-Fox Studios|Buttercup Valley, Arizona|Pilot Knob Mesa, California",0.0,0.0,"The original 1965 film *The Flight of the Phoenix* was filmed on location in the **Yuma Desert** in **Arizona, USA**, as well as at **Buttercup Valley** in the **Imperial Sand Dunes** near Yuma. Additional scenes were shot at **Samuel Goldwyn Studios** in Hollywood, California."
closedbook,who warned europe to stay out of the americas,Monroe Doctrine|Roosevelt Corollary,1.0,1.0,"The warning for European powers to stay out of the Americas was issued by U.S. President **James Monroe** in his annual message to Congress on December 2, 1823. This policy became known as the **Monroe Doctrine**. It declared that the Western Hemisphere was no longer open to European colonization and that the United States would view any European interference in the affairs of the Americas as a hostile act."
closedbook,where does the formation of atp take place,plasma membrane in bacteria|inner mitochondrial membrane|thylakoid membrane|mitochondrial membrane in eukaryotes,0.0,1.0,"The formation of ATP (adenosine triphosphate) takes place in several locations within a cell, depending on the type of organism and the specific metabolic process:  1.  **Mitochondria (in eukaryotic cells):** This is the primary site for most ATP production. Specifically, it occurs during **oxidative phosphorylation** on the inner mitochondrial membrane (via the electron transport chain and ATP synthase). ATP is also produced in the mitochondrial matrix during the **Krebs cycle** (citric acid cycle"
closedbook,who wrote song what a friend we have in jesus,Charles Crozat Converse|Joseph M. Scriven|William Bolcom,1.0,1.0,"The hymn ""What a Friend We Have in Jesus"" was written by **Joseph M. Scriven** (1819–1886). He wrote the poem in 1855, originally as a comfort for his mother who was ill in Ireland. The music was later composed by **Charles C. Converse** in 1868."
closedbook,who is the guy who walked across the twin towers,Philippe Petit,1.0,1.0,"The person you're referring to is **Philippe Petit**, a French high-wire artist. On August 7, 1974, he illegally rigged a wire between the rooftops of the Twin Towers of the World Trade Center in New York City and walked across it eight times over the course of nearly an hour. His feat is famously documented in the film *Man on Wire* (2008)."
closedbook,where do the royalties for winnie the pooh go,"the Slesinger family|Slesinger, Inc.",0.0,0.0,The royalties for the original **Winnie-the-Pooh** books (by A.A. Milne) and the classic illustrations (by E.H. Shepard) are managed by **The Pooh Properties Trust**. This trust was established by the authors' families.  The income from these royalties is distributed to four main beneficiaries:  1.  **The Royal Literary Fund** (a charity that supports authors). 2.  **The Garrick/Milne Estate** (the family of A
closedbook,all the motor neurons that control the skeletal muscles are,efferent nerves|Somatic motor neurons|Somatic,1.0,1.0,All the motor neurons that control the skeletal muscles are **somatic motor neurons** (also called lower motor neurons).
closedbook,how old is the actress who plays phyllis on y&r,Gina Tognoni|age 44,0.0,0.0,"The actress who plays Phyllis Summers on *The Young and the Restless* is **Michelle Stafford**. She was born on **September 14, 1965**, which makes her **59 years old** as of 2025."
closedbook,who has scored more goals in the premier league,Alan Shearer,1.0,1.0,"The player who has scored the most goals in Premier League history is **Alan Shearer**, with **260 goals**. He achieved this while playing for Blackburn Rovers and Newcastle United.  The second-highest scorer is **Harry Kane**, with **213 goals** (all for Tottenham Hotspur, before his move to Bayern Munich)."
closedbook,total number of mna in pakistan national assembly,332 members|332,0.0,0.0,"The total number of Members of the National Assembly (MNAs) in Pakistan is **342**.  This is composed of: - **266** general seats (elected directly through first-past-the-post voting). - **60** seats reserved for women (allocated to political parties based on their proportion of general seats). - **10** seats reserved for non-Muslim minorities (also allocated proportionally).  **Note:** The current National Assembly was dissolved on **August 9, 2023**, ahead"
closedbook,who played stumpy in the movie rio bravo,Walter Brennan,1.0,1.0,The character Stumpy in the 1959 film *Rio Bravo* was played by **Walter Brennan**.
closedbook,where is the protien made in the cell,in the cell nucleus|cell nucleus,0.0,0.0,Protein is made in the **ribosomes** of the cell.  Ribosomes can be found in two locations: 1.  **Free-floating in the cytoplasm** (makes proteins used inside the cell). 2.  **Attached to the rough endoplasmic reticulum (RER)** (makes proteins that are exported out of the cell or sent to other organelles).
closedbook,if there is a line that lies parallel to the horizon it is said to be,A vanishing point,0.0,0.0,"If a line lies parallel to the horizon, it is said to be **horizontal**."
closedbook,when's the last time the philadelphia eagles played the new england patriots,in Super Bowl LII,0.0,0.0,"The last time the Philadelphia Eagles played the New England Patriots was on **September 10, 2023**, during Week 1 of the 2023 NFL season. The Eagles won the game 25-20 at Gillette Stadium in Foxborough, Massachusetts."
closedbook,what was the purpose of a revival meeting during the second great awakening,evangelizing,0.0,0.0,"The primary purpose of a revival meeting during the Second Great Awakening (roughly 1790–1840) was **to inspire a widespread, emotional re-commitment to Christian faith and to convert non-believers**, thereby sparking a ""revival"" of religious piety in individuals and communities.  More specifically, these meetings served several key purposes:  1.  **Mass Conversion:** The central goal was to bring people to a moment of personal conversion, often described as being ""born again"
